<?xml version="1.0" encoding="utf-8"?>
<Dictionary
      xmlns:xsi="http://www.w3.org/2001/XMLSchema-instance"
      xsi:schemaLocation="file:///. dictionary.xsd">
  <Version>2.0</Version>
  <Languages>
    <Language Index="0" Name="default" Description="Default language" />

    <!-- Western European languages -->
    <Language Index="1" Name="de" Description="German" />
    <Language Index="2" Name="en" Description="English" />
    <Language Index="3" Name="fr" Description="French" />
    <Language Index="4" Name="it" Description="Italian" />
    <Language Index="5" Name="es" Description="Spanish" />
    <Language Index="6" Name="pt" Description="Portuguese" />

    <!-- Eastern European languages -->
    <Language Index="20" Name="ru" Description="Russian" />

    <!-- Middle Eastern languages -->
    <Language Index="40" Name="ar" Description="Arabic" />
    <Language Index="41" Name="he" Description="Hebrew" />

    <!-- Asian languages -->
    <Language Index="60" Name="zh" Description="Chinese" />
  </Languages>
  <Tables>
    <Table Index="0" Name="SystemStatus" MultiLanguage="false" MultiRow="false">
      <Description>Table containing all system information.</Description>
      <Column Index="0" Name="Date" Description="Deprecated, do not use anymore." />
      <Column Index="1" Name="Time" Description="Deprecated, do not use anymore." />
      <Column Index="2" Name="RemotePC" Description="Status of the remote PC (board computer)" />
      <Column Index="3" Name="StopRequestedState" Description="Set to 1 when stop was requested, otherwise 0" />
      <Column Index="4" Name="DoorStatus" Description="Status of the door: 0 = closed; 1 = open" />
      <Column Index="5" Name="SpecialInput" Description="Special input set to 1 when enabled, 0 when disabled" />
      <Column Index="6" Name="ExitSide" Description="Exit side: 0 = unknown; 1 = right; 2 = left; 3 = both" />
      <Column Index="7" Name="MovingDirection" Description="Moving direction: 0 = forward; 1 = reverse" />
    </Table>
    <Table Index="1" Name="PagingStatus" MultiLanguage="false" MultiRow="false">
      <Description>
        Table containing the page number and number of pages used in paging, these
        values are generated by the Composer, not by Protran.
        Don't change these values since they are hardcoded in the Composer!
      </Description>
      <Column Index="0" Name="NumberOfPages" />
      <Column Index="1" Name="PageNumber" />
    </Table>
    <Table Index="10" Name="Route" MultiLanguage="true" MultiRow="false">
      <Description>Information about the current route</Description>
      <Column Index="0" Name="Line" Description="Line number" />
      <Column Index="1" Name="SpecialLine" Description="Special line symbol; from Infomedia 2.0 on, this is just the special line character" />
      <Column Index="2" Name="Region" Description="Region code" />
      <Column Index="3" Name="Punctuality" Description="Current punctuality information" />
      <Column Index="4" Name="CurrentStopIndex" Description="Current stop index" />
      <Column Index="5" Name="ApproachingStop" Description="Flag whether the bus is approaching the next stop (e.g. 100m before stop), set to 1 when approaching, otherwise 0" />
      <Column Index="6" Name="Trip" Description="Trip number (German: Fahrt)" />
      <Column Index="7" Name="Block" Description="Block number (German: Umlauf)" />
      <Column Index="8" Name="Run" Description="Run number (German: Kurs)" />
      <Column Index="9" Name="Route" Description="Route number" />
      <Column Index="10" Name="AnnouncementIndex" Description="Current announcement index" />
      <Column Index="11" Name="FareZone" Description="Ticketing fare zone" />
      <Column Index="12" Name="Deviation" Description="Information if the vehicle is deviating from its planned route" />
    </Table>
    <Table Index="11" Name="Destination" MultiLanguage="true" MultiRow="true">
      <Description>Name of the destination stop</Description>
      <Column Index="0" Name="DestinationName" Description="Name of the destination stop" />
      <Column Index="1" Name="DestinationCity" Description="Name of the destination city" />
      <Column Index="2" Name="DestinationInfo" Description="Additional information about the destination" />
      <Column Index="3" Name="DestinationTime" Description="Arrival time at the destination" />
      <Column Index="4" Name="DestinationDelay" Description="Delay information for the destination" />
      <Column Index="5" Name="DestinationTransferSymbols" Description="Transfer symbols for the destination stop" />
      <Column Index="6" Name="DestinationPlatform" Description="Platfrom at which the vehicle arrives" />
      <Column Index="7" Name="DestinationDeptartureTime" Description="Departure time from the destination" />
      <Column Index="8" Name="ShowLineNumber" Description="Show line number coming for destination or not" />
    </Table>
    <Table Index="12" Name="Stops" MultiLanguage="true" MultiRow="true">
      <Description>Table containing all stop information.</Description>
      <Column Index="0" Name="StopName" Description="Name of the stop" />
      <Column Index="1" Name="StopCity" Description="Name of the stop city" />
      <Column Index="2" Name="StopInfo" Description="Additional information about the stop" />
      <Column Index="3" Name="StopTime" Description="Arrival time at the stop" />
      <Column Index="4" Name="StopDelay" Description="Delay at the stop" />
      <Column Index="5" Name="StopTransferSymbols" Description="Transfer symbols for the stop" />
      <Column Index="6" Name="StopPlatform" Description="Platfrom at which the vehicle arrives" />
      <Column Index="7" Name="StopDeptartureTime" Description="Departure time from the stop" />
      <Column Index="8" Name="StopDistanceToNext" Description="Distance to the next stop in meters" />
    </Table>
    <Table Index="13" Name="Connections" MultiLanguage="true" MultiRow="true">
      <Description>Table containing connection information for a single stop.</Description>
      <Column Index="0" Name="ConnectionTransportType" Description="Type of transport (bus, train, ...)" />
      <Column Index="1" Name="ConnectionLineNumber" Description="Line number of the connection" />
      <Column Index="2" Name="ConnectionLineSymbol" Description="Line name of the connection" />
      <Column Index="3" Name="ConnectionTime" Description="Depfalsearture time of the connection" />
      <Column Index="4" Name="ConnectionDestinationName" Description="Name of the destination stop of the connection" />
      <Column Index="5" Name="ConnectionDestinationCity" Description="Name of the destination city of the connection" />
      <Column Index="6" Name="ConnectionVia" Description="Name of the important intermediate (via) stops of the connection" />
      <Column Index="7" Name="ConnectionPlatform" Description="Name of the platform of the connection" />
      <Column Index="8" Name="ConnectionInfo" Description="Additional information about the connection" />
      <Column Index="9" Name="ConnectionDelay" Description="Delay information about the connection (e.g. +5 min)" />
    </Table>
    <Table Index="14" Name="ConnectionReference" MultiLanguage="true" MultiRow="false">
      <Description>Information about the stop for which Connections are to be shown.</Description>
      <Column Index="0" Name="ConnectionReferenceStopName" Description="Name of the stop" />
      <Column Index="1" Name="ConnectionReferenceStopCity" Description="Name of the stop city" />
      <Column Index="2" Name="ConnectionReferenceStopInfo" Description="Additional information about the stop" />
      <Column Index="3" Name="ConnectionReferenceStopTime" Description="Arrival time at the stop" />
      <Column Index="4" Name="ConnectionReferenceStopDelay" Description="Delay at the stop" />
      <Column Index="5" Name="ConnectionReferenceStopTransferSymbols" Description="Transfer symbols for the stop" />
      <Column Index="6" Name="ConnectionReferenceStopPlatform" Description="Platfrom at which the vehicle arrives" />
      <Column Index="7" Name="ConnectionReferenceStopDeptartureTime" Description="Departure time from the stop" />
      <Column Index="8" Name="ConnectionReferenceStopDistanceToNext" Description="Distance to the next stop in meters" />
    </Table>
    <Table Index="20" Name="PassengerMessages" MultiLanguage="true" MultiRow="true">
      <Description>Messages to the passengers</Description>
      <Column Index="0" Name="MessageType" Description="Type of the message (e.g. to show a special symbol depending on the type)" />
      <Column Index="1" Name="MessageTitle" Description="Title of the message (short text)" />
      <Column Index="2" Name="MessageText" Description="Text of the message (long text)" />
    </Table>
    <Table Index="100" Name="InfoTainmentVolumeSettings" MultiLanguage="false" MultiRow="false">
      <Description>InfoTainment Volume Settings used in the Audio Hardware switch and returned to external equipment InfoTainment</Description>
      <Column Index="0" Name="AudioStatusRefreshInterval" Description="The auto refresh interval for the audio hardware switch to send Audio Status over the serial port. Zero to disable, default 1000 ms" />
      <Column Index="1" Name="InteriorMaximumVolume" Description="Interior Maximum Audio level setting" />
      <Column Index="2" Name="InteriorMinimumVolume" Description="Interior Minimum Audio level setting" />
      <Column Index="3" Name="InteriorDefaultVolume" Description="Interior Default Audio level setting" />
      <Column Index="4" Name="InteriorCurrentVolume" Description="Interior Current Audio level setting" />
      <Column Index="5" Name="ExteriorMaximumVolume" Description="Exterior Maximum Audio level setting" />
      <Column Index="6" Name="ExteriorMinimumVolume" Description="Exterior Minimum Audio level setting" />
      <Column Index="7" Name="ExteriorDefaultVolume" Description="Exterior Default Audio level setting" />
      <Column Index="8" Name="ExteriorCurrentVolume" Description="Exterior Current Audio level setting" />
    </Table>
    <Table Index="101" Name="InfoTainmentCannedMsgPlay" MultiLanguage="false" MultiRow="false">
      <Description>InfoTainment Canned Message Info dictionary definitions.</Description>
      <Column Index="0" Name="CannedMessageID" Description="ID corresponding to the Canned Message on the MCU" />
      <Column Index="1" Name="CannedMessageZone" Description="Audio Zone defined for the Canned Message: None = 0, Interior = 1; Exterior = 2, Both = 3" />
      <Column Index="2" Name="CannedMessageEncoding" Description="Encoding used for the Canned Message: WAV = 4; MP3 = 5 NOTE: This is currently Not Used" />
      <Column Index="3" Name="CannedMessageFileName" Description="The File name of the resource" />
    </Table>
    <Table Index="102" Name="NetworkChangedMessage" MultiLanguage="false" MultiRow="false">
      <Description>Network connection changed event. Example Wifi network connected</Description>
      <Column Index="0" Name="Connected" Description="1 to indicate a network connection exists else 0." />
    </Table>
    <Table Index="103" Name="NetworkFileAccessSettings" MultiLanguage="false" MultiRow="false">
      <Description>Network shared folder settings for external hardware to map to the master display.</Description>
      <Column Index="0" Name="Uri" Description="URI to access external files as a shared folder or as ftp. Such as file://192.168.0.1/SharedFolderPath, or ftp://192.168.0.2/ftpFolderPath" />
      <Column Index="1" Name="UserName" Description="User Name." />
      <Column Index="2" Name="Password" Description="Password." />
    </Table>
    <Table Index="104" Name="InfoTainmentAudioStatus" MultiLanguage="false" MultiRow="false">
      <Description>Audio Status to be sent to external equipment(InfoTainment) via Ximple protocol by Protran.</Description>
      <Column Index="0" Name="AudioActive" Description="1: audio is active, 0: audio is inactive" />
      <Column Index="1" Name="PttActive" Description="1: driver PTT is active, 0: driver PTT is inactive" />
      <Column Index="2" Name="LineInActive" Description="1: line-in is active, 0: line-in is inactive" />
      <Column Index="3" Name="CannedMsgActive" Description="1: canned message is active, 0: canned message is inactive" />
      <Column Index="4" Name="PttLocked" Description="1: PTT is locked out, 0: PTT is not locked" />
      <Column Index="5" Name="TestActive" Description="1: audio test is active, 0: audio test is inactive" />
      <Column Index="6" Name="InteriorActive" Description="1: interior audio is active, 0: interior audio is inactive" />
      <Column Index="7" Name="ExteriorActive" Description="1: exterior audio is active, 0: exterior audio is inactive" />
      <Column Index="8" Name="InteriorNoiseLevel" Description="Interior noise level, from -100.0 to 100.0" />
      <Column Index="9" Name="ExteriorNoiseLevel" Description="Exterior noise level, from -100.0 to 100.0" />
      <Column Index="10" Name="InteriorVolume" Description="Current interior volume, from 0 to 100" />
      <Column Index="11" Name="ExteriorVolume" Description="Current exterior volume, from 0 to 100" />
      <Column Index="12" Name="LockoutDuration" Description="Seconds since lockout triggered" />
      <Column Index="13" Name="SerialNumber" Description="Audio Hardware serial number" />
      <Column Index="14" Name="SoftwareVersion" Description="Audio Hardware software version" />
      <Column Index="15" Name="HardwareVersion" Description="Audio Hardware hardware version" />
    </Table>
    <Table Index="105" Name="InfoTainmentSystemStatus" MultiLanguage="false" MultiRow="false">
      <Description>System GPIO Status.</Description>
      <Column Index="0" Name="Door1" Description="" />
      <Column Index="1" Name="Door2" Description="" />
      <Column Index="2" Name="StopRequest" Description="" />    
      <Column Index="3" Name="AdaStopRequest" Description="" />
      <Column Index="4" Name="PushToTalk" Description="" />
      <Column Index="5" Name="InteriorActive" Description="" />
      <Column Index="6" Name="ExteriorActive" Description="" />      
      <Column Index="7" Name="Odometer" Description="" />
      <Column Index="8" Name="Reverse" Description="" />
      <Column Index="9" Name="InteriorSpeakerMuted" Description="" />
      <Column Index="10" Name="ExteriorSpeakerMuted" Description="" />
      <Column Index="11" Name="RadioSpeakerMuted" Description="" />
      <Column Index="12" Name="InterorSpeakerNonMuting" Description="" />
      <Column Index="13" Name="ExteriorSpeakerNonMuting" Description="" />
      <Column Index="14" Name="RadioSpeakerNonMuting" Description="" />
      <Column Index="15" Name="Latitude" Description="" />
      <Column Index="16" Name="Longitude" Description="" />
      <Column Index="17" Name="Altitude" Description="" />
      <Column Index="18" Name="Activate" Description="vehicle activate position" />
      <Column Index="19" Name="Arrive" Description="vehicle arrive position" />
      <Column Index="20" Name="Depart" Description="vehicle depart position" />
      <Column Index="21" Name="Deactivate" Description="vehicle deactivation position" />
      <Column Index="22" Name="SunUp" Description="the state of the sun for the vehicle location, 1 - up, 0 - down" />
      <Column Index="23" Name="ProxEnter" Description="the vehicle has entered a proximity (includes an id)" />
      <Column Index="24" Name="ProxExit" Description="the vehicle has left a proximity (includes an id)" />
      <Column Index="25" Name="VehicleId" Description="the id of the vehicle this unit is running on" />
      <Column Index="26" Name="Motion" Description="0 = Undefined, 1 = Vehicle Moving, 2 = Stopped" />
    </Table>
  </Tables>
</Dictionary>